elegant, 0.2151
complement, 0.2053
beautifully, 0.2044
superb, 0.2008
terrific, 0.1962
companion, 0.1956
fabulous, 0.1951
compliment, 0.1941
highly, 0.1932
pleasantly, 0.1875
pleased, 0.1846
perfect, 0.1841
nicely, 0.183
wonderfully, 0.1794
bonus, 0.1794
fantastic, 0.1748
outstanding, 0.1746
excellent, 0.1716
easy, 0.1712
contemporary, 0.1709
affordable, 0.167
magical, 0.1668
comfort, 0.1646
exciting, 0.1627
relax, 0.1626
vibrant, 0.1591
thoughtful, 0.1587
wonderful, 0.1585
blend, 0.1567
stunning, 0.1566
unique, 0.1549
delighted, 0.1537
drawback, 0.1532
beautiful, 0.1518
colorful, 0.1512
refresh, 0.1505
overjoyed, 0.1502
ample, 0.1501
subtle, 0.1494
lovely, 0.148
detract, 0.148
beginner, 0.1479
reservation, 0.1475
delightful, 0.1464
thrill, 0.1463
surprisingly, 0.1455
gorgeous, 0.1452
versatile, 0.145
favorite, 0.1445
pleasure, 0.1434
invaluable, 0.1419
great, 0.1405
crisp, 0.1405
classy, 0.1394
ease, 0.1387
organize, 0.1379
exceptional, 0.1371
comprehensive, 0.1368
recommend, 0.1359
stylish, 0.1357
love, 0.1354
vivid, 0.1347
marvelous, 0.1341
comfortable, 0.1327
fascinating, 0.1323
instructor, 0.1322
unfold, 0.132
travels, 0.1319
delight, 0.1314
calming, 0.1311
combination, 0.1305
flair, 0.13
hesitate, 0.1295
versatility, 0.1275
admire, 0.1275
perfectly, 0.1269
downside, 0.1268
simplicity, 0.1264
effortlessly, 0.126
beauty, 0.126
phenomenal, 0.1256
impressive, 0.1239
satisfied, 0.1234
incorporate, 0.1233
appreciate, 0.1233
peaceful, 0.1232
stumble, 0.1231
inspiring, 0.1229
welcome, 0.1228
excellently, 0.1227
compact, 0.1224
grandparent, 0.121
comfortably, 0.12
amazingly, 0.1196
disappoint, 0.1195
darker, 0.1189
winner, 0.1185
addition, 0.1185
pleasant, 0.1183
effortless, 0.1178
presentation, 0.1178
realistic, 0.1176
enjoyable, 0.117
essential, 0.1167
handy, 0.1167
collection, 0.1164
surpass, 0.116
relatively, 0.1159
intrigue, 0.1158
worried, 0.1158
youth, 0.1155
distinctive, 0.1154
proud, 0.1145
balanced, 0.1143
nice, 0.1142
transport, 0.1142
tradition, 0.1139
overall, 0.1136
straightforward, 0.1132
enjoy, 0.1132
blessing, 0.1124
exceed, 0.1124
variety, 0.1123
whimsical, 0.112
sophisticated, 0.1118
mellow, 0.1116
theme, 0.1115
anticipate, 0.1115
transition, 0.1112
joy, 0.1108
magnificent, 0.1106
amaze, 0.1106
atmosphere, 0.1104
treasure, 0.1099
happier, 0.1098
definite, 0.1091
minimalist, 0.1085
nonetheless, 0.1085
fond, 0.1083
hesitant, 0.1082
traditional, 0.1079
loving, 0.1072
keeper, 0.1068
basics, 0.106
unexpected, 0.1055
solid, 0.1055
cruise, 0.1054
challenge, 0.1049
deeper, 0.1049
well, 0.1048
teaching, 0.1047
unbeatable, 0.1041
likes, 0.1041
blended, 0.1038
especially, 0.1035
stimulate, 0.1034
western, 0.1033
attest, 0.1027
importance, 0.1025
brighten, 0.1024
transform, 0.1022
paired, 0.1022
tackle, 0.1022
informative, 0.1019
impressed, 0.1017
student, 0.1015
smoothly, 0.1015
romantic, 0.1014
classic, 0.1012
aesthetic, 0.1009
surprised, 0.1007
carry, 0.1004
incredible, 0.1004
grin, 0.1003
lover, 0.1002
neat, 0.1001
beach, 0.1001
stable, 0.1001
share, 0.0999
attend, 0.0997
outdoors, 0.0995
ideal, 0.0993
journey, 0.0992
fortunate, 0.0991
plenty, 0.0991
painting, 0.099
entertaining, 0.099
study, 0.0989
color, 0.0983
particularly, 0.0982
reasonable, 0.0978
highest, 0.0977
alike, 0.0977
oldest, 0.0976
visual, 0.0973
seasoned, 0.0972
accessible, 0.0969
flawless, 0.0966
retain, 0.0966
thanks, 0.0961
pricey, 0.096
immensely, 0.0957
fast, 0.0951
smooth, 0.0951
daily, 0.095
fairly, 0.0949
breeze, 0.0949
criticism, 0.0948
confident, 0.0947
outdoor, 0.0947
amazing, 0.0944
surprising, 0.0941
delicious, 0.0939
evening, 0.0936
colour, 0.0935
lend, 0.0934
tend, 0.0934
charming, 0.0932
interaction, 0.0931
brilliantly, 0.0931
intuitive, 0.093
extraordinary, 0.0928
highlight, 0.0923
everyday, 0.0922
depth, 0.0919
adore, 0.0917
easier, 0.0915
accompany, 0.0914
passage, 0.0912
natural, 0.0912
ocean, 0.091
balance, 0.0904
quickly, 0.0904
deep, 0.0903
contrast, 0.0901
childhood, 0.0901
background, 0.09
greatest, 0.0899
tone, 0.0897
anxious, 0.0894
present, 0.0889
detail, 0.0885
robust, 0.0884
schedule, 0.0883
simple, 0.0883
keen, 0.0882
shape, 0.0881
accomplishment, 0.088
tricky, 0.088
quicker, 0.0878
array, 0.0875
definitely, 0.0873
happy, 0.0873
blues, 0.0872
hike, 0.0869
wider, 0.0868
notch, 0.0868
charm, 0.0866
greatly, 0.0865
adventure, 0.0864
spectacular, 0.0863
tad, 0.0862
international, 0.0862
golden, 0.0861
grandmother, 0.0861
fairy, 0.0859
community, 0.0856
firm, 0.0854
tasty, 0.085
finding, 0.0847
sibling, 0.0847
minor, 0.0844
sweet, 0.0843
usual, 0.0842
weary, 0.084
easily, 0.084
provide, 0.0838
introduce, 0.0838
basis, 0.0836
timely, 0.0835
larger, 0.0835
painter, 0.0833
dining, 0.0832
maintain, 0.0831
aid, 0.0828
prefer, 0.0824
medium, 0.0823
rainy, 0.0819
garden, 0.0818
style, 0.0816
ecstatic, 0.0814
investment, 0.0813
indispensable, 0.0812
granddaughter, 0.0805
intensity, 0.0804
age, 0.0801
visit, 0.08
quiet, 0.0797
family, 0.0795
delicate, 0.0795
tremendously, 0.0787
entertain, 0.0783
feature, 0.0783
ability, 0.0781
add, 0.0777
bit, 0.0774
condition, 0.0773
gracefully, 0.0768
remains, 0.0765
arise, 0.0762
adapt, 0.0762
gathering, 0.0762
priceless, 0.0761
church, 0.0761
define, 0.0761
height, 0.0759
thank, 0.0756
mature, 0.0756
surprise, 0.0752
training, 0.0747
winter, 0.0746
simpler, 0.0739
set, 0.0737
personality, 0.0735
flexible, 0.0731
appeal, 0.073
fun, 0.073
extensively, 0.0728
simplify, 0.0727
little, 0.0727
bell, 0.0726
native, 0.0726
expand, 0.0722
travel, 0.072
coolest, 0.0719
benefit, 0.0718
primarily, 0.0709
equally, 0.0708
grandkid, 0.0707
integrate, 0.0706
delivery, 0.0701
truly, 0.0699
recently, 0.0699
grab, 0.0698
frill, 0.0697
antique, 0.0695
various, 0.0693
road, 0.0693
growth, 0.0688
secret, 0.0686
reassure, 0.0686
pace, 0.0683
former, 0.0682
reward, 0.0681
fascinate, 0.068
task, 0.068
rhythm, 0.068
flexibility, 0.068
flower, 0.068
youngster, 0.0679
regularly, 0.0679
evenly, 0.0679
famous, 0.0678
creative, 0.0677
client, 0.0676
weekly, 0.0672
combine, 0.0672
skill, 0.0672
sparkle, 0.0671
heavier, 0.0669
element, 0.0667
avid, 0.0664
round, 0.0663
job, 0.0662
teacher, 0.0662
asset, 0.0659
warm, 0.0658
raise, 0.0658
fantastically, 0.0657
afternoon, 0.0653
grandson, 0.0653
grasp, 0.0653
holiday, 0.0652
culture, 0.0652
practice, 0.0651
desire, 0.0647
veteran, 0.0646
desert, 0.0641
grow, 0.064
digging, 0.064
young, 0.0639
focus, 0.0636
helpful, 0.0635
healthy, 0.0633
younger, 0.0632
utilize, 0.0631
useful, 0.063
greater, 0.063
social, 0.0628
steep, 0.0626
facilitate, 0.0625
genuinely, 0.0624
sleek, 0.0622
prayer, 0.0622
mountain, 0.0619
dedicate, 0.0618
interesting, 0.0618
competition, 0.0616
choice, 0.0616
canvas, 0.0613
spirit, 0.0611
apprehensive, 0.061
exception, 0.0609
firmly, 0.0605
broad, 0.0605
environment, 0.0605
lake, 0.0605
wild, 0.0604
happily, 0.0603
fit, 0.0602
find, 0.0602
overwhelming, 0.0601
safely, 0.0598
rival, 0.0596
nature, 0.0595
cast, 0.0591
birthday, 0.0586
occupy, 0.0585
gallery, 0.0584
role, 0.0583
length, 0.0582
therapy, 0.058
quibble, 0.0576
encourage, 0.0573
interest, 0.0572
brighter, 0.057
soft, 0.0568
vintage, 0.0565
doable, 0.0562
special, 0.0561
group, 0.056
aesthetics, 0.0555
relevant, 0.0552
sculpture, 0.0549
necessary, 0.0545
appropriate, 0.0544
sooner, 0.0538
conjunction, 0.0535
current, 0.0529
selection, 0.0526
phase, 0.0522
affect, 0.0521
preparation, 0.0519
silent, 0.0517
accomplish, 0.051
education, 0.0509
fully, 0.0506
coverage, 0.0506
meal, 0.0505
weakness, 0.0505
bring, 0.0504
include, 0.0502
primary, 0.0498
faster, 0.0489
area, 0.0488
testament, 0.0486
always, 0.048
cook, 0.0478
meaningful, 0.0473
distinguish, 0.0473
reflect, 0.0468
limited, 0.0468
rain, 0.0467
clean, 0.0459
guitar, 0.0455
teach, 0.0452
additional, 0.0452
fl, 0.0451
encouraged, 0.0445
flight, 0.0444
summer, 0.044
early, 0.044
peace, 0.0439
building, 0.0435
occasional, 0.0434
egyptian, 0.0432
peak, 0.0427
hint, 0.0424
nurture, 0.0422
session, 0.0418
extension, 0.0416
depict, 0.0415
meeting, 0.0412
host, 0.0411
softer, 0.0409
assorted, 0.0408
ave, 0.0407
valuable, 0.0398
progress, 0.0398
interior, 0.0396
goody, 0.0394
ride, 0.0394
lifting, 0.0393
member, 0.0392
shoulder, 0.0391
standing, 0.0386
trip, 0.0384
confine, 0.0381
toe, 0.038
instrument, 0.0379
slight, 0.0374
available, 0.0371
counterpart, 0.0361
tune, 0.036
series, 0.0359
multitude, 0.0355
trek, 0.0353
capacity, 0.0347
sufficiently, 0.0345
long, 0.0342
meet, 0.0328
extend, 0.0306
mystery, 0.0305
home, 0.0301
personally, 0.0299
independence, 0.0295
help, 0.0288
youngest, 0.0284
able, 0.0272
pick, 0.0264
keep, 0.0263
apt, 0.026
adopt, 0.025
exercise, 0.0241
bothersome, 0.02
arc, 0.018